country,capitalCity,longitude,latitude,year,country_code,region_code,region,overall_Rank,happiness_score,happiness_Status,economy_gdp_per_capita,family,social_support,health_life_expectancy,freedom,generosity,trust_government_corruption,rank_Per_Region
Afghanistan,Kabul,69.1761,34.5228,2015,4.0,142.0,ASIA,153,3.575,Amber,0.31982,0.30285,No_Value_Available,0.30335,0.23414,0.3651,0.09719,44
Afghanistan,Kabul,69.1761,34.5228,2016,4.0,142.0,ASIA,154,3.36,Amber,0.38227,0.11037000000000001,No_Value_Available,0.17344,0.1643,0.31268,0.07112,43
Afghanistan,Kabul,69.1761,34.5228,2017,4.0,142.0,ASIA,141,3.79399991,Amber,0.401477218,0.581543326,No_Value_Available,0.180746779,0.10617952,0.311870933,0.06115783,39
Afghanistan,Kabul,69.1761,34.5228,2018,4.0,142.0,ASIA,145,3.632,Amber,0.332,No_Value_Available,0.537,0.255,0.085,0.191,0.036000000000000004,42
Afghanistan,Kabul,69.1761,34.5228,2019,4.0,142.0,ASIA,154,3.2030000000000003,Amber,0.35,No_Value_Available,0.517,0.361,0.0,0.158,0.025,44
Angola,Luanda,13.242,-8.81155,2015,24.0,2.0,AFRICA,137,4.033,Amber,0.75778,0.8604,No_Value_Available,0.16683,0.10384000000000003,0.12344,0.07122,24
Angola,Luanda,13.242,-8.81155,2016,24.0,2.0,AFRICA,141,3.866,Amber,0.84731,0.66366,No_Value_Available,0.04991,0.00589,0.12070999999999997,0.08434,26
Angola,Luanda,13.242,-8.81155,2017,24.0,2.0,AFRICA,140,3.795000076,Amber,0.85842818,1.10441196,No_Value_Available,0.049868666,0.0,0.09792649,0.069720335,30
Angola,Luanda,13.242,-8.81155,2018,24.0,2.0,AFRICA,142,3.795,Amber,0.73,No_Value_Available,1.125,0.269,0.0,0.079,0.061,31
Albania,Tirane,19.8172,41.3317,2015,8.0,150.0,EUROPE,95,4.959,Amber,0.8786700000000001,0.8043399999999999,No_Value_Available,0.81325,0.35733000000000004,0.14272,0.06412999999999999,34
Albania,Tirane,19.8172,41.3317,2016,8.0,150.0,EUROPE,109,4.655,Amber,0.9553,0.50163,No_Value_Available,0.73007,0.31866,0.1684,0.05301,36
Albania,Tirane,19.8172,41.3317,2017,8.0,150.0,EUROPE,109,4.644000053,Amber,0.996192753,0.803685248,No_Value_Available,0.7311597470000001,0.381498635,0.201312944,0.039864216,37
Albania,Tirane,19.8172,41.3317,2018,8.0,150.0,EUROPE,112,4.586,Amber,0.916,No_Value_Available,0.8170000000000001,0.79,0.419,0.149,0.032,37
Albania,Tirane,19.8172,41.3317,2019,8.0,150.0,EUROPE,107,4.7189999999999985,Amber,0.947,No_Value_Available,0.848,0.8740000000000001,0.383,0.17800000000000002,0.027000000000000003,36
United Arab Emirates,Abu Dhabi,54.3705,24.4764,2015,784.0,142.0,ASIA,20,6.901,Green,1.42727,1.12575,No_Value_Available,0.80925,0.64157,0.26428,0.38583,2
United Arab Emirates,Abu Dhabi,54.3705,24.4764,2016,784.0,142.0,ASIA,28,6.573,Green,1.57352,0.8711399999999999,No_Value_Available,0.72993,0.56215,0.26591,0.35561,3
United Arab Emirates,Abu Dhabi,54.3705,24.4764,2017,784.0,142.0,ASIA,21,6.647999763,Green,1.626343369,1.2664102320000001,No_Value_Available,0.7267982359999999,0.60834527,0.360941947,0.324489564,2
United Arab Emirates,Abu Dhabi,54.3705,24.4764,2018,784.0,142.0,ASIA,20,6.774,Green,2.096,No_Value_Available,0.7759999999999999,0.67,0.284,0.18600000000000005,,2
United Arab Emirates,Abu Dhabi,54.3705,24.4764,2019,784.0,142.0,ASIA,21,6.825,Green,1.503,No_Value_Available,1.31,0.825,0.598,0.262,0.182,2
Argentina,Buenos Aires,-58.4173,-34.6118,2015,32.0,19.0,AMERICAS,30,6.574,Green,1.05351,1.24823,No_Value_Available,0.78723,0.44974,0.11451,0.08484,9
Argentina,Buenos Aires,-58.4173,-34.6118,2016,32.0,19.0,AMERICAS,26,6.65,Green,1.15137,1.0661200000000002,No_Value_Available,0.69711,0.42284,0.10989000000000003,0.07296,9
Argentina,Buenos Aires,-58.4173,-34.6118,2017,32.0,19.0,AMERICAS,24,6.598999977,Green,1.185295463,1.440451145,No_Value_Available,0.6951370840000001,0.494519204,0.109457061,0.059739888,6
Argentina,Buenos Aires,-58.4173,-34.6118,2018,32.0,19.0,AMERICAS,29,6.388,Green,1.073,No_Value_Available,1.4680000000000002,0.7440000000000001,0.57,0.062,0.054000000000000006,8
Argentina,Buenos Aires,-58.4173,-34.6118,2019,32.0,19.0,AMERICAS,47,6.086,Green,1.092,No_Value_Available,1.432,0.8809999999999999,0.471,0.066,0.05,13
Armenia,Yerevan,44.509,40.1596,2015,51.0,142.0,ASIA,127,4.35,Amber,0.7682100000000001,0.7771100000000001,No_Value_Available,0.7299,0.19847,0.07855,0.039,38
Armenia,Yerevan,44.509,40.1596,2016,51.0,142.0,ASIA,121,4.36,Amber,0.8608600000000001,0.6247699999999999,No_Value_Available,0.64083,0.14037,0.07793,0.036160000000000005,39
Armenia,Yerevan,44.509,40.1596,2017,51.0,142.0,ASIA,121,4.375999928,Amber,0.900596738,1.0074837209999998,No_Value_Available,0.637524426,0.198303267,0.083488092,0.026674422000000003,35
Armenia,Yerevan,44.509,40.1596,2018,51.0,142.0,ASIA,129,4.3210000000000015,Amber,0.816,No_Value_Available,0.99,0.6659999999999999,0.26,0.077,0.028,39
Armenia,Yerevan,44.509,40.1596,2019,51.0,142.0,ASIA,116,4.559,Amber,0.85,No_Value_Available,1.055,0.815,0.28300000000000003,0.095,0.064,34
Australia,Canberra,149.129,-35.282,2015,36.0,9.0,OCEANIA,10,7.284,Green,1.33358,1.30923,No_Value_Available,0.93156,0.6512399999999999,0.43562,0.35637,2
Australia,Canberra,149.129,-35.282,2016,36.0,9.0,OCEANIA,9,7.313,Green,1.44443,1.10476,No_Value_Available,0.8512,0.5683699999999999,0.47407,0.32331,2
Australia,Canberra,149.129,-35.282,2017,36.0,9.0,OCEANIA,10,7.28399992,Green,1.484414935,1.510041952,No_Value_Available,0.843886793,0.6016073820000001,0.47769925,0.30118373,2
Australia,Canberra,149.129,-35.282,2018,36.0,9.0,OCEANIA,10,7.272,Green,1.34,No_Value_Available,1.5730000000000002,0.91,0.647,0.361,0.302,2
Australia,Canberra,149.129,-35.282,2019,36.0,9.0,OCEANIA,11,7.228,Green,1.372,No_Value_Available,1.548,1.036,0.557,0.332,0.29,2
Austria,Vienna,16.3798,48.2201,2015,40.0,150.0,EUROPE,13,7.2,Green,1.33723,1.29704,No_Value_Available,0.8904200000000001,0.62433,0.33088,0.18676,8
Austria,Vienna,16.3798,48.2201,2016,40.0,150.0,EUROPE,12,7.119,Green,1.45038,1.0838299999999998,No_Value_Available,0.80565,0.54355,0.32865,0.21348000000000006,8
Austria,Vienna,16.3798,48.2201,2017,40.0,150.0,EUROPE,13,7.006000042,Green,1.487097263,1.459944963,No_Value_Available,0.8153284190000001,0.56776619,0.316472322,0.221060365,8
Austria,Vienna,16.3798,48.2201,2018,40.0,150.0,EUROPE,12,7.1389999999999985,Green,1.341,No_Value_Available,1.504,0.8909999999999999,0.617,0.242,0.224,9
Austria,Vienna,16.3798,48.2201,2019,40.0,150.0,EUROPE,10,7.246,Green,1.376,No_Value_Available,1.475,1.016,0.532,0.244,0.226,8
Azerbaijan,Baku,49.8932,40.3834,2015,31.0,142.0,ASIA,80,5.2120000000000015,Amber,1.02389,0.9379299999999999,No_Value_Available,0.64045,0.3703,0.07799,0.16065,24
Azerbaijan,Baku,49.8932,40.3834,2016,31.0,142.0,ASIA,81,5.291,Amber,1.12373,0.76042,No_Value_Available,0.54504,0.35327,0.0564,0.17914000000000002,21
Azerbaijan,Baku,49.8932,40.3834,2017,31.0,142.0,ASIA,85,5.234000206,Amber,1.153601766,1.152400255,No_Value_Available,0.540775776,0.398155838,0.04526934,0.180987507,22
Azerbaijan,Baku,49.8932,40.3834,2018,31.0,142.0,ASIA,87,5.2010000000000005,Amber,1.024,No_Value_Available,1.161,0.603,0.43,0.031,0.17600000000000002,23
Azerbaijan,Baku,49.8932,40.3834,2019,31.0,142.0,ASIA,90,5.207999999999998,Amber,1.043,No_Value_Available,1.147,0.769,0.35100000000000003,0.035,0.182,24
Burundi,Bujumbura,29.3639,-3.3784,2015,108.0,2.0,AFRICA,157,2.905,Amber,0.0153,0.41586999999999996,No_Value_Available,0.22396,0.1185,0.19727,0.10062,39
Burundi,Bujumbura,29.3639,-3.3784,2016,108.0,2.0,AFRICA,157,2.905,Amber,0.06831,0.23442,No_Value_Available,0.15747,0.0432,0.2029,0.09419,39
Burundi,Bujumbura,29.3639,-3.3784,2017,108.0,2.0,AFRICA,154,2.904999971,Amber,0.091622569,0.629793584,No_Value_Available,0.151610792,0.059900753,0.204435185,0.084147945,40
Burundi,Bujumbura,29.3639,-3.3784,2018,108.0,2.0,AFRICA,156,2.905,Amber,0.091,No_Value_Available,0.627,0.145,0.065,0.149,0.076,41
Burundi,Bujumbura,29.3639,-3.3784,2019,108.0,2.0,AFRICA,145,3.775,Amber,0.046,No_Value_Available,0.447,0.38,0.22,0.17600000000000002,0.18,34
Belgium,Brussels,4.36761,50.8371,2015,56.0,150.0,EUROPE,19,6.937,Green,1.30782,1.28566,No_Value_Available,0.8966700000000001,0.5845,0.2225,0.2254,11
Belgium,Brussels,4.36761,50.8371,2016,56.0,150.0,EUROPE,18,6.9289999999999985,Green,1.42539,1.05249,No_Value_Available,0.8195899999999999,0.51354,0.2424,0.26248,10
Belgium,Brussels,4.36761,50.8371,2017,56.0,150.0,EUROPE,17,6.890999794,Green,1.463780761,1.462312698,No_Value_Available,0.8180918690000001,0.539770722,0.231503338,0.251343131,11
Belgium,Brussels,4.36761,50.8371,2018,56.0,150.0,EUROPE,16,6.9270000000000005,Green,1.324,No_Value_Available,1.483,0.894,0.583,0.188,0.24,12
Belgium,Brussels,4.36761,50.8371,2019,56.0,150.0,EUROPE,18,6.922999999999999,Green,1.356,No_Value_Available,1.504,0.986,0.473,0.16,0.21,13
Benin,Porto-Novo,2.6323,6.4779,2015,204.0,2.0,AFRICA,155,3.34,Amber,0.28665,0.35386,No_Value_Available,0.3191,0.4845,0.1826,0.0801,38
Benin,Porto-Novo,2.6323,6.4779,2016,204.0,2.0,AFRICA,153,3.484,Amber,0.39499,0.10419,No_Value_Available,0.21028,0.39747,0.2018,0.06681000000000001,37
Benin,Porto-Novo,2.6323,6.4779,2017,204.0,2.0,AFRICA,143,3.657000065,Amber,0.431085408,0.435299844,No_Value_Available,0.209930211,0.425962776,0.207948461,0.060929015,32
Benin,Porto-Novo,2.6323,6.4779,2018,204.0,2.0,AFRICA,136,4.141,Amber,0.378,No_Value_Available,0.37200000000000005,0.24,0.44,0.163,0.067,26
Benin,Porto-Novo,2.6323,6.4779,2019,204.0,2.0,AFRICA,102,4.883,Amber,0.393,No_Value_Available,0.43700000000000006,0.397,0.349,0.175,0.08199999999999999,8
Burkina Faso,Ouagadougou,-1.53395,12.3605,2015,854.0,2.0,AFRICA,152,3.587,Amber,0.25812,0.85188,No_Value_Available,0.27125,0.39493,0.21747,0.12832000000000002,36
Burkina Faso,Ouagadougou,-1.53395,12.3605,2016,854.0,2.0,AFRICA,146,3.739,Amber,0.31995,0.63054,No_Value_Available,0.21297,0.3337,0.24353,0.12533,30
Burkina Faso,Ouagadougou,-1.53395,12.3605,2017,854.0,2.0,AFRICA,134,4.032000065,Amber,0.350227714,1.043280005,No_Value_Available,0.215844259,0.32436785100000004,0.250864685,0.120328106,24
Burkina Faso,Ouagadougou,-1.53395,12.3605,2018,854.0,2.0,AFRICA,121,4.424,Amber,0.314,No_Value_Available,1.097,0.254,0.312,0.175,0.128,16
Burkina Faso,Ouagadougou,-1.53395,12.3605,2019,854.0,2.0,AFRICA,115,4.587,Amber,0.331,No_Value_Available,1.056,0.38,0.255,0.177,0.113,15
Bangladesh,Dhaka,90.4113,23.7055,2015,50.0,142.0,ASIA,109,4.694,Amber,0.39753,0.43106000000000005,No_Value_Available,0.60164,0.4082,0.21222,0.12569,33
Bangladesh,Dhaka,90.4113,23.7055,2016,50.0,142.0,ASIA,110,4.643,Amber,0.54177,0.24749000000000002,No_Value_Available,0.52989,0.39778,0.19132,0.12583,34
Bangladesh,Dhaka,90.4113,23.7055,2017,50.0,142.0,ASIA,110,4.607999802,Amber,0.586682975,0.7351317409999999,No_Value_Available,0.533241034,0.478356659,0.172255352,0.123717859,31
Bangladesh,Dhaka,90.4113,23.7055,2018,50.0,142.0,ASIA,115,4.5,Amber,0.532,No_Value_Available,0.85,0.579,0.58,0.153,0.14400000000000002,34
Bangladesh,Dhaka,90.4113,23.7055,2019,50.0,142.0,ASIA,125,4.456,Amber,0.562,No_Value_Available,0.9279999999999999,0.723,0.527,0.166,0.14300000000000002,37
Bulgaria,Sofia,23.3238,42.7105,2015,100.0,150.0,EUROPE,134,4.218,Amber,1.01216,1.10614,No_Value_Available,0.76649,0.30587,0.11921,0.00872,38
Bulgaria,Sofia,23.3238,42.7105,2016,100.0,150.0,EUROPE,129,4.217,Amber,1.11306,0.92542,No_Value_Available,0.67806,0.21219,0.12793,0.00615,38
Bulgaria,Sofia,23.3238,42.7105,2017,100.0,150.0,EUROPE,105,4.714000225,Amber,1.161459088,1.4343794580000002,No_Value_Available,0.70821768,0.289231718,0.113177694,0.011051531000000002,36
Bulgaria,Sofia,23.3238,42.7105,2018,100.0,150.0,EUROPE,100,4.933,Amber,1.054,No_Value_Available,1.515,0.7120000000000001,0.359,0.064,0.009000000000000001,36
Bulgaria,Sofia,23.3238,42.7105,2019,100.0,150.0,EUROPE,97,5.011,Amber,1.092,No_Value_Available,1.5130000000000001,0.815,0.311,0.081,0.004,35
Bahrain,Manama,50.5354,26.1921,2015,48.0,142.0,ASIA,49,5.96,Green,1.32376,1.21624,No_Value_Available,0.74716,0.45492,0.17362,0.306,13
Bahrain,Manama,50.5354,26.1921,2016,48.0,142.0,ASIA,42,6.218,Green,1.44024,0.9439700000000001,No_Value_Available,0.65696,0.47375,0.17147,0.25772,9
Bahrain,Manama,50.5354,26.1921,2017,48.0,142.0,ASIA,41,6.086999893,Green,1.488412261,1.323110461,No_Value_Available,0.653133035,0.5367469189999999,0.17266848699999998,0.25704217,8
Bahrain,Manama,50.5354,26.1921,2018,48.0,142.0,ASIA,43,6.105,Green,1.338,No_Value_Available,1.3659999999999999,0.698,0.594,0.243,0.123,8
Bahrain,Manama,50.5354,26.1921,2019,48.0,142.0,ASIA,37,6.199,Green,1.362,No_Value_Available,1.368,0.871,0.536,0.255,0.11,7
Bosnia and Herzegovina,Sarajevo,18.4214,43.8607,2015,,,Nan,96,4.949,Amber,0.8322299999999999,0.9191600000000001,No_Value_Available,0.79081,0.09245,0.24808,0.00227,0
Bosnia and Herzegovina,Sarajevo,18.4214,43.8607,2016,,,Nan,87,5.1629999999999985,Amber,0.93383,0.64367,No_Value_Available,0.7076600000000001,0.09511,0.29889,0.0,0
Bosnia and Herzegovina,Sarajevo,18.4214,43.8607,2017,,,Nan,90,5.18200016,Amber,0.982409418,1.069335938,No_Value_Available,0.7051863070000001,0.204403177,0.328867495,0.0,0
Bosnia and Herzegovina,Sarajevo,18.4214,43.8607,2018,,,Nan,93,5.129,Amber,0.915,No_Value_Available,1.078,0.758,0.28,0.21600000000000005,0.0,0
Bosnia and Herzegovina,Sarajevo,18.4214,43.8607,2019,,,Nan,78,5.386,Amber,0.945,No_Value_Available,1.212,0.845,0.212,0.263,0.006,0
Belarus,Minsk,27.5766,53.9678,2015,112.0,150.0,EUROPE,59,5.813,Green,1.0319200000000002,1.23289,No_Value_Available,0.7360800000000001,0.37938,0.11046,0.1909,23
Belarus,Minsk,27.5766,53.9678,2016,112.0,150.0,EUROPE,61,5.8020000000000005,Green,1.1306200000000002,1.04993,No_Value_Available,0.6310399999999999,0.29091,0.13942000000000002,0.17457,24
Belarus,Minsk,27.5766,53.9678,2017,112.0,150.0,EUROPE,67,5.568999767,Amber,1.15655756,1.444945216,No_Value_Available,0.637714267,0.295400262,0.155137509,0.156313822,28
Belarus,Minsk,27.5766,53.9678,2018,112.0,150.0,EUROPE,74,5.483,Amber,1.039,No_Value_Available,1.4980000000000002,0.7,0.307,0.101,0.154,29
Belarus,Minsk,27.5766,53.9678,2019,112.0,150.0,EUROPE,81,5.323,Amber,1.067,No_Value_Available,1.465,0.789,0.235,0.094,0.142,33
Belize,Belmopan,-88.7713,17.2534,2016,84.0,19.0,AMERICAS,52,5.956,Green,0.87616,0.68655,No_Value_Available,0.45569,0.51231,0.23684,0.10771,19
Belize,Belmopan,-88.7713,17.2534,2017,84.0,19.0,AMERICAS,50,5.9559998510000005,Green,0.907975316,1.081417799,No_Value_Available,0.450191766,0.547509372,0.240015641,0.096581072,16
Belize,Belmopan,-88.7713,17.2534,2018,84.0,19.0,AMERICAS,49,5.956,Green,0.807,No_Value_Available,1.101,0.474,0.593,0.183,0.08900000000000001,15
Bolivia,La Paz,-66.1936,-13.9908,2015,68.0,19.0,AMERICAS,51,5.89,Green,0.68133,0.97841,No_Value_Available,0.5392,0.57414,0.20536,0.08800000000000001,17
Bolivia,La Paz,-66.1936,-13.9908,2016,68.0,19.0,AMERICAS,59,5.822,Green,0.79422,0.8377899999999999,No_Value_Available,0.4697,0.50961,0.21698,0.07746,20
Bolivia,La Paz,-66.1936,-13.9908,2017,68.0,19.0,AMERICAS,58,5.822999954,Green,0.8337565659999999,1.227619052,No_Value_Available,0.47363025,0.558732927,0.225560725,0.060477726,17
Bolivia,La Paz,-66.1936,-13.9908,2018,68.0,19.0,AMERICAS,62,5.752000000000002,Green,0.7509999999999999,No_Value_Available,1.2229999999999999,0.508,0.606,0.141,0.054000000000000006,17
Bolivia,La Paz,-66.1936,-13.9908,2019,68.0,19.0,AMERICAS,61,5.779,Green,0.7759999999999999,No_Value_Available,1.209,0.706,0.511,0.13699999999999998,0.064,17
Brazil,Brasilia,-47.9292,-15.7801,2015,76.0,19.0,AMERICAS,16,6.983,Green,0.98124,1.2328700000000001,No_Value_Available,0.69702,0.49049,0.14574,0.17521,5
Brazil,Brasilia,-47.9292,-15.7801,2016,76.0,19.0,AMERICAS,17,6.952000000000001,Green,1.08754,1.03938,No_Value_Available,0.61415,0.40425,0.15775999999999998,0.14165999999999998,5
Brazil,Brasilia,-47.9292,-15.7801,2017,76.0,19.0,AMERICAS,22,6.635000229,Green,1.10735321,1.431306005,No_Value_Available,0.616552353,0.437453747,0.162349895,0.111092761,5
Brazil,Brasilia,-47.9292,-15.7801,2018,76.0,19.0,AMERICAS,28,6.419,Green,0.986,No_Value_Available,1.474,0.675,0.493,0.11,0.08800000000000001,7
Brazil,Brasilia,-47.9292,-15.7801,2019,76.0,19.0,AMERICAS,32,6.3,Green,1.004,No_Value_Available,1.439,0.802,0.39,0.099,0.086,8
Bhutan,Thimphu,89.6177,27.5768,2015,64.0,142.0,ASIA,79,5.252999999999999,Amber,0.77042,1.10395,No_Value_Available,0.57407,0.5320600000000001,0.47998,0.15445,23
Bhutan,Thimphu,89.6177,27.5768,2016,64.0,142.0,ASIA,84,5.1960000000000015,Amber,0.8527,0.9083600000000001,No_Value_Available,0.49759,0.46074,0.4854600000000001,0.1616,24
Bhutan,Thimphu,89.6177,27.5768,2017,64.0,142.0,ASIA,97,5.011000156000001,Amber,0.8854163890000001,1.340126514,No_Value_Available,0.495879292,0.5015376810000001,0.474054545,0.17338039,26
Bhutan,Thimphu,89.6177,27.5768,2018,64.0,142.0,ASIA,97,5.082,Amber,0.7959999999999999,No_Value_Available,1.335,0.527,0.541,0.364,0.171,30
Bhutan,Thimphu,89.6177,27.5768,2019,64.0,142.0,ASIA,95,5.082,Amber,0.813,No_Value_Available,1.321,0.604,0.457,0.37,0.16699999999999998,29
Botswana,Gaborone,25.9201,-24.6544,2015,72.0,2.0,AFRICA,128,4.332,Amber,0.99355,1.10464,No_Value_Available,0.04776,0.49495,0.10461,0.12474,20
Botswana,Gaborone,25.9201,-24.6544,2016,72.0,2.0,AFRICA,137,3.974,Amber,1.09426,0.89186,No_Value_Available,0.34752,0.44089,0.12425,0.10769,24
Botswana,Gaborone,25.9201,-24.6544,2017,72.0,2.0,AFRICA,142,3.766000032,Amber,1.122094154,1.221554995,No_Value_Available,0.341755509,0.505196333,0.099348448,0.098583199,31
Botswana,Gaborone,25.9201,-24.6544,2018,72.0,2.0,AFRICA,146,3.59,Amber,1.017,No_Value_Available,1.1740000000000002,0.417,0.557,0.042,0.092,34
Botswana,Gaborone,25.9201,-24.6544,2019,72.0,2.0,AFRICA,148,3.488,Amber,1.041,No_Value_Available,1.145,0.5379999999999999,0.455,0.025,0.1,36
Central African Republic,Bangui,21.6407,5.63056,2015,140.0,2.0,AFRICA,148,3.678,Amber,0.0785,0.0,No_Value_Available,0.06699,0.48879,0.23835,0.08288999999999999,33
Central African Republic,Bangui,21.6407,5.63056,2017,140.0,2.0,AFRICA,155,2.6930000780000003,Amber,0.0,0.0,No_Value_Available,0.018772686,0.270842046,0.280876487,0.056565076,41
Central African Republic,Bangui,21.6407,5.63056,2018,140.0,2.0,AFRICA,155,3.083,Amber,0.024,No_Value_Available,0.0,0.01,0.305,0.218,0.038,40
Central African Republic,Bangui,21.6407,5.63056,2019,140.0,2.0,AFRICA,155,3.083,Amber,0.026,No_Value_Available,0.0,0.105,0.225,0.235,0.035,40
Canada,Ottawa,-75.6919,45.4215,2015,124.0,19.0,AMERICAS,5,7.427,Green,1.32629,1.32261,No_Value_Available,0.90563,0.63297,0.45811,0.32957,1
Canada,Ottawa,-75.6919,45.4215,2016,124.0,19.0,AMERICAS,6,7.404,Green,1.44015,1.0961,No_Value_Available,0.8276,0.5737,0.44834,0.31329,1
Canada,Ottawa,-75.6919,45.4215,2017,124.0,19.0,AMERICAS,7,7.315999985,Green,1.479204416,1.481348991,No_Value_Available,0.834557652,0.611100912,0.435539722,0.287371516,1
Canada,Ottawa,-75.6919,45.4215,2018,124.0,19.0,AMERICAS,7,7.3279999999999985,Green,1.33,No_Value_Available,1.5319999999999998,0.8959999999999999,0.653,0.321,0.29100000000000004,1
Canada,Ottawa,-75.6919,45.4215,2019,124.0,19.0,AMERICAS,9,7.278,Green,1.365,No_Value_Available,1.505,1.039,0.584,0.285,0.308,1
Switzerland,Bern,7.44821,46.948,2015,756.0,150.0,EUROPE,1,7.5870000000000015,Green,1.39651,1.34951,No_Value_Available,0.94143,0.66557,0.29678000000000004,0.41978,1
Switzerland,Bern,7.44821,46.948,2016,756.0,150.0,EUROPE,2,7.508999999999999,Green,1.52733,1.14524,No_Value_Available,0.86303,0.58557,0.28083,0.41203,2
Switzerland,Bern,7.44821,46.948,2017,756.0,150.0,EUROPE,4,7.493999958,Green,1.564979553,1.516911745,No_Value_Available,0.858131289,0.620070577,0.290549278,0.367007285,4
Switzerland,Bern,7.44821,46.948,2018,756.0,150.0,EUROPE,5,7.487,Green,1.42,No_Value_Available,1.5490000000000002,0.927,0.66,0.256,0.35700000000000004,5
Switzerland,Bern,7.44821,46.948,2019,756.0,150.0,EUROPE,6,7.48,Green,1.452,No_Value_Available,1.526,1.052,0.5720000000000001,0.263,0.343,6
Chile,Santiago,-70.6475,-33.475,2015,152.0,19.0,AMERICAS,27,6.67,Green,1.10715,1.12447,No_Value_Available,0.85857,0.44132,0.33363000000000004,0.12869,8
Chile,Santiago,-70.6475,-33.475,2016,152.0,19.0,AMERICAS,24,6.705,Green,1.2167,0.9058700000000001,No_Value_Available,0.8188300000000001,0.37789,0.31595,0.11451,7
Chile,Santiago,-70.6475,-33.475,2017,152.0,19.0,AMERICAS,20,6.65199995,Green,1.25278461,1.2840249540000002,No_Value_Available,0.819479704,0.376895279,0.32666242100000004,0.082287982,4
Chile,Santiago,-70.6475,-33.475,2018,152.0,19.0,AMERICAS,25,6.476,Green,1.131,No_Value_Available,1.331,0.8079999999999999,0.431,0.197,0.061,5
Chile,Santiago,-70.6475,-33.475,2019,152.0,19.0,AMERICAS,26,6.444,Green,1.159,No_Value_Available,1.369,0.92,0.35700000000000004,0.187,0.056,5
